<?xml version="1.0" encoding="UTF-8"?>
<metadata xml:lang="es"><Esri><CreaDate>20150429</CreaDate><CreaTime>16331100</CreaTime><ArcGISFormat>1.0</ArcGISFormat><SyncOnce>TRUE</SyncOnce><DataProperties><lineage><Process ToolSource="c:\program files (x86)\arcgis\desktop10.1\ArcToolbox\Toolboxes\Data Management Tools.tbx\DefineProjection" Date="20150429" Time="163311">DefineProjection MuniAntioquia PROJCS['MAGNA_Medellin_Antioquia_2010',GEOGCS['GCS_MAGNA',DATUM['D_MAGNA',SPHEROID['GRS_1980',6378137.0,298.257222101]],PRIMEM['Greenwich',0.0],UNIT['Degree',0.0174532925199433]],PROJECTION['IGAC_Plano_Cartesiano'],PARAMETER['False_Easting',835378.647],PARAMETER['False_Northing',1180816.875],PARAMETER['Longitude_Of_Center',-75.56488694444444],PARAMETER['Latitude_Of_Center',6.229208888888889],PARAMETER['Height',1510.0],UNIT['Meter',1.0]]</Process></lineage></DataProperties></Esri></metadata>
